logical_name	modified	basename	origin	size	sha256	extracted_to
CHECK_phone_barrier_access_operational_sandbox	2026-06-27 19:30:44	CHECK_phone_barrier_access_operational_sandbox.py	C:\Users\first\Downloads\OSBB_phone_barrier_access_v2_working_sandbox.zip	2921	c22827184b786387bf57040898060bc8b832442f2eec13254323a2ebc9bfce2e	G:\Programming\Py\OSBB\Recovered\project_archaeology_2026-07-02_22-59-35\files_by_module\CHECK_phone_barrier_access_operational_sandbox\CHECK_phone_barrier_access_operational_sandbox__c22827184b78.py
CHECK_phone_barrier_access_sandbox_schema	2026-06-27 19:13:15	CHECK_phone_barrier_access_sandbox_schema.py	C:\Users\first\Downloads\OSBB_phone_barrier_access_schema_migration.zip	3761	8e4c82b70733cd9fec0fd8d33b27310528d5a2221d5ae3c3b8b571896a9c19ed	G:\Programming\Py\OSBB\Recovered\project_archaeology_2026-07-02_22-59-35\files_by_module\CHECK_phone_barrier_access_sandbox_schema\CHECK_phone_barrier_access_sandbox_schema__8e4c82b70733.py
CHECK_profile_parking_time_test_sandbox	2026-06-28 12:09:32	CHECK_profile_parking_time_test_sandbox.py	C:\Users\first\Downloads\OSBB_profile_parking_time_test_v1_sandbox.zip	2764	55c1f1aa3c6699a131e18a0f5355d11daa43cce27c75b46d49d475f1df9526ce	G:\Programming\Py\OSBB\Recovered\project_archaeology_2026-07-02_22-59-35\files_by_module\CHECK_profile_parking_time_test_sandbox\CHECK_profile_parking_time_test_sandbox__55c1f1aa3c66.py
CHECK_profile_verification_sandbox	2026-06-27 20:48:19	CHECK_profile_verification_sandbox.py	C:\Users\first\Downloads\OSBB_profile_verification_v1_sandbox_final.zip	2596	73286e2ac2f87161694d15ee6389fce942edac01e58ee5ad00ad4ef818df3068	G:\Programming\Py\OSBB\Recovered\project_archaeology_2026-07-02_22-59-35\files_by_module\CHECK_profile_verification_sandbox\CHECK_profile_verification_sandbox__73286e2ac2f8.py
CHECK_profile_verification_terminology	2026-06-27 21:19:52	CHECK_profile_verification_terminology_v2.py	C:\Users\first\Downloads\OSBB_profile_verification_terminology_v2 (1).zip	2258	6229e2c0f296cc886ed73e2069a4fabe79fcb69456070bf3772cfdd21664a68e	G:\Programming\Py\OSBB\Recovered\project_archaeology_2026-07-02_22-59-35\files_by_module\CHECK_profile_verification_terminology\CHECK_profile_verification_terminology_v2__6229e2c0f296.py
CHECK_profile_verification_terminology	2026-06-27 21:14:40	CHECK_profile_verification_terminology_v2.py	C:\Users\first\Downloads\OSBB_profile_verification_terminology_v2.zip	2258	6229e2c0f296cc886ed73e2069a4fabe79fcb69456070bf3772cfdd21664a68e	G:\Programming\Py\OSBB\Recovered\project_archaeology_2026-07-02_22-59-35\files_by_module\CHECK_profile_verification_terminology\CHECK_profile_verification_terminology_v2__6229e2c0f296.py
CREATE_TEST_PAYMENT_FOR_OPEN_SERVICE_ORDER	2026-06-27 12:14:48	CREATE_TEST_PAYMENT_FOR_OPEN_SERVICE_ORDER.py	C:\Users\first\Downloads\OSBB_live_services_sandbox_bundle.zip	5882	1d430f6a292ed277cc6bf98f9fdb42496c91ce2323f06184b4fccdab6e15dafc	G:\Programming\Py\OSBB\Recovered\project_archaeology_2026-07-02_22-59-35\files_by_module\CREATE_TEST_PAYMENT_FOR_OPEN_SERVICE_ORDER\CREATE_TEST_PAYMENT_FOR_OPEN_SERVICE_ORDER__1d430f6a292e.py
CREATE_TEST_PAYMENT_FOR_OPEN_SERVICE_ORDER	2026-06-27 12:14:48	CREATE_TEST_PAYMENT_FOR_OPEN_SERVICE_ORDER.bat	C:\Users\first\Downloads\OSBB_live_services_sandbox_bundle.zip	866	08ad806bb35a46a03608c950ec86514fd79fdccf3c9fb4701ce23235bbc42bb8	G:\Programming\Py\OSBB\Recovered\project_archaeology_2026-07-02_22-59-35\files_by_module\CREATE_TEST_PAYMENT_FOR_OPEN_SERVICE_ORDER\CREATE_TEST_PAYMENT_FOR_OPEN_SERVICE_ORDER__08ad806bb35a.bat
INSTALL_PHONE_ACCESS_UI_FIX	2026-06-27 17:19:31	INSTALL_PHONE_ACCESS_UI_FIX_v3.py	C:\Users\first\Downloads\OSBB_phone_access_ui_fix_v3.zip	3352	2107d097d9bfc97e8b8a9601760acea499c193276098a625a54c89bc09ee885e	G:\Programming\Py\OSBB\Recovered\project_archaeology_2026-07-02_22-59-35\files_by_module\INSTALL_PHONE_ACCESS_UI_FIX\INSTALL_PHONE_ACCESS_UI_FIX_v3__2107d097d9bf.py
INSTALL_PHONE_ACCESS_UI_FIX	2026-06-27 17:19:31	INSTALL_PHONE_ACCESS_UI_FIX_v3.bat	C:\Users\first\Downloads\OSBB_phone_access_ui_fix_v3.zip	337	dfe63e8ed1b4ebf2ceb7f69f67e389ee8093a119a9416aff6cc259a3c9122f23	G:\Programming\Py\OSBB\Recovered\project_archaeology_2026-07-02_22-59-35\files_by_module\INSTALL_PHONE_ACCESS_UI_FIX\INSTALL_PHONE_ACCESS_UI_FIX_v3__dfe63e8ed1b4.bat
INSTALL_PHONE_ACCESS_UI_FIX	2026-06-27 16:49:42	INSTALL_PHONE_ACCESS_UI_FIX_v2.py	C:\Users\first\Downloads\OSBB_phone_access_ui_fix_v2.zip	4180	b43c774e9187ef77b632f8a86a18bb8daf99e05907f4e23f55ed1c55eb48e1e6	G:\Programming\Py\OSBB\Recovered\project_archaeology_2026-07-02_22-59-35\files_by_module\INSTALL_PHONE_ACCESS_UI_FIX\INSTALL_PHONE_ACCESS_UI_FIX_v2__b43c774e9187.py
INSTALL_PHONE_ACCESS_UI_FIX	2026-06-27 16:49:42	INSTALL_PHONE_ACCESS_UI_FIX_v2.bat	C:\Users\first\Downloads\OSBB_phone_access_ui_fix_v2.zip	379	baeff943726faa8aa889fd2e4808a65c83e33940e0fe4522896a61bc0079b215	G:\Programming\Py\OSBB\Recovered\project_archaeology_2026-07-02_22-59-35\files_by_module\INSTALL_PHONE_ACCESS_UI_FIX\INSTALL_PHONE_ACCESS_UI_FIX_v2__baeff943726f.bat
INSTALL_PHONE_ACCESS_UI_FIX	2026-06-27 16:43:01	INSTALL_PHONE_ACCESS_UI_FIX.bat	C:\Users\first\Downloads\OSBB_phone_access_ui_fix.zip	1314	3b67acce637d6fff9e56e6cd5a36144f53dd3b43271dc2e72a43dbcbaa3dd424	G:\Programming\Py\OSBB\Recovered\project_archaeology_2026-07-02_22-59-35\files_by_module\INSTALL_PHONE_ACCESS_UI_FIX\INSTALL_PHONE_ACCESS_UI_FIX__3b67acce637d.bat
INSTALL_cashier_route_after_phone	2026-06-27 20:00:03	INSTALL_cashier_route_after_phone_v2.py	C:\Users\first\Downloads\OSBB_cashier_route_repair_after_phone_v2.zip	2907	f85eb4c5eadcfd4e0cf4a19eba59d08f5f4e35384889039d71c6caad587c700a	G:\Programming\Py\OSBB\Recovered\project_archaeology_2026-07-02_22-59-35\files_by_module\INSTALL_cashier_route_after_phone\INSTALL_cashier_route_after_phone_v2__f85eb4c5eadc.py
INSTALL_phone_barrier_access	2026-06-27 19:30:44	INSTALL_phone_barrier_access_v2.py	C:\Users\first\Downloads\OSBB_phone_barrier_access_v2_working_sandbox.zip	4471	cc07112da7fba4e9697e97cc47587cef0c05abc9a2cdd7242d52706c550542da	G:\Programming\Py\OSBB\Recovered\project_archaeology_2026-07-02_22-59-35\files_by_module\INSTALL_phone_barrier_access\INSTALL_phone_barrier_access_v2__cc07112da7fb.py
INSTALL_profile_parking_time_test	2026-06-28 12:09:32	INSTALL_profile_parking_time_test_v1.py	C:\Users\first\Downloads\OSBB_profile_parking_time_test_v1_sandbox.zip	3872	352b2a9ffb0c43c24d2f4ac4f07a86e9b7962cda9a2405eeade3eb38d2bc4981	G:\Programming\Py\OSBB\Recovered\project_archaeology_2026-07-02_22-59-35\files_by_module\INSTALL_profile_parking_time_test\INSTALL_profile_parking_time_test_v1__352b2a9ffb0c.py
INSTALL_profile_verification	2026-06-27 20:48:19	INSTALL_profile_verification_v1.py	C:\Users\first\Downloads\OSBB_profile_verification_v1_sandbox_final.zip	2801	dfa078d4be84f634021244aba5a05307ca7cbff8f9bd8e62ea235bb7dc43d3f5	G:\Programming\Py\OSBB\Recovered\project_archaeology_2026-07-02_22-59-35\files_by_module\INSTALL_profile_verification\INSTALL_profile_verification_v1__dfa078d4be84.py
INSTALL_profile_verification_terminology	2026-06-27 21:19:52	INSTALL_profile_verification_terminology_v2.py	C:\Users\first\Downloads\OSBB_profile_verification_terminology_v2 (1).zip	3931	8d84fd006bfee4bfe9573c029ffc7a1e3d6731d7622f9026b107136802d16296	G:\Programming\Py\OSBB\Recovered\project_archaeology_2026-07-02_22-59-35\files_by_module\INSTALL_profile_verification_terminology\INSTALL_profile_verification_terminology_v2__8d84fd006bfe.py
INSTALL_profile_verification_terminology	2026-06-27 21:14:40	INSTALL_profile_verification_terminology_v2.py	C:\Users\first\Downloads\OSBB_profile_verification_terminology_v2.zip	3931	8d84fd006bfee4bfe9573c029ffc7a1e3d6731d7622f9026b107136802d16296	G:\Programming\Py\OSBB\Recovered\project_archaeology_2026-07-02_22-59-35\files_by_module\INSTALL_profile_verification_terminology\INSTALL_profile_verification_terminology_v2__8d84fd006bfe.py
MIGRATE_phone_barrier_access_operational_sandbox	2026-06-27 19:30:44	MIGRATE_phone_barrier_access_operational_sandbox.py	C:\Users\first\Downloads\OSBB_phone_barrier_access_v2_working_sandbox.zip	4797	488cb403453d9b1c9ca68954eab9eb2dda81693bb929f511c3d897d04e022013	G:\Programming\Py\OSBB\Recovered\project_archaeology_2026-07-02_22-59-35\files_by_module\MIGRATE_phone_barrier_access_operational_sandbox\MIGRATE_phone_barrier_access_operational_sandbox__488cb403453d.py
MIGRATE_phone_barrier_access_sandbox	2026-06-27 19:13:15	MIGRATE_phone_barrier_access_sandbox.py	C:\Users\first\Downloads\OSBB_phone_barrier_access_schema_migration.zip	4640	81c26d447942551770f888c7edfd881c224683f577c44f9a0bd280d7f7c26e8d	G:\Programming\Py\OSBB\Recovered\project_archaeology_2026-07-02_22-59-35\files_by_module\MIGRATE_phone_barrier_access_sandbox\MIGRATE_phone_barrier_access_sandbox__81c26d447942.py
MIGRATE_profile_parking_time_test_sandbox	2026-06-28 12:09:32	MIGRATE_profile_parking_time_test_sandbox.py	C:\Users\first\Downloads\OSBB_profile_parking_time_test_v1_sandbox.zip	3108	57324665edea65041776b0f2105eb3910d766bb8e6a41d76142b2b368ca86236	G:\Programming\Py\OSBB\Recovered\project_archaeology_2026-07-02_22-59-35\files_by_module\MIGRATE_profile_parking_time_test_sandbox\MIGRATE_profile_parking_time_test_sandbox__57324665edea.py
MIGRATE_profile_verification_sandbox	2026-06-27 20:48:19	MIGRATE_profile_verification_sandbox.py	C:\Users\first\Downloads\OSBB_profile_verification_v1_sandbox_final.zip	2576	5a90e4cb254df4cdbbd743d0eb4c6019f90caa936d903658706cd549f39c46cb	G:\Programming\Py\OSBB\Recovered\project_archaeology_2026-07-02_22-59-35\files_by_module\MIGRATE_profile_verification_sandbox\MIGRATE_profile_verification_sandbox__5a90e4cb254d.py
MIGRATE_simplified_services_sandbox	2026-06-27 13:27:22	MIGRATE_simplified_services_sandbox.py	C:\Users\first\Downloads\OSBB_simplified_services_preorders_bundle.zip	2221	cb84fbcee38c62ae28183d77ec7374cf8b2564d89d89c4b3edbeb29d3713df6b	G:\Programming\Py\OSBB\Recovered\project_archaeology_2026-07-02_22-59-35\files_by_module\MIGRATE_simplified_services_sandbox\MIGRATE_simplified_services_sandbox__cb84fbcee38c.py
README_CASHIER_ROUTE_FIX	2026-06-27 17:33:08	README_CASHIER_ROUTE_FIX.txt	C:\Users\first\Downloads\OSBB_cashier_route_fix.zip	1633	93c2658e19820f84a45c74cf93a61676ba2d3527d0035c072eac7d8908dacb28	G:\Programming\Py\OSBB\Recovered\project_archaeology_2026-07-02_22-59-35\files_by_module\README_CASHIER_ROUTE_FIX\README_CASHIER_ROUTE_FIX__93c2658e1982.txt
README_CASHIER_ROUTE_REPAIR_AFTER_PHONE	2026-06-27 20:00:03	README_CASHIER_ROUTE_REPAIR_AFTER_PHONE_V2.txt	C:\Users\first\Downloads\OSBB_cashier_route_repair_after_phone_v2.zip	1785	2e84dd934a9abf9d851f672538e606b54f2d5614a0b8aea27e7f3629e13ffa76	G:\Programming\Py\OSBB\Recovered\project_archaeology_2026-07-02_22-59-35\files_by_module\README_CASHIER_ROUTE_REPAIR_AFTER_PHONE\README_CASHIER_ROUTE_REPAIR_AFTER_PHONE_V2__2e84dd934a9a.txt
README_LIVE_SERVICES_SANDBOX	2026-06-27 12:14:48	README_LIVE_SERVICES_SANDBOX.txt	C:\Users\first\Downloads\OSBB_live_services_sandbox_bundle.zip	2640	a29d610189b8c92fb5f2dad2e0aa29581fb3cc2902a45c321f4b8c8a95a341e1	G:\Programming\Py\OSBB\Recovered\project_archaeology_2026-07-02_22-59-35\files_by_module\README_LIVE_SERVICES_SANDBOX\README_LIVE_SERVICES_SANDBOX__a29d610189b8.txt
README_PHONE_ACCESS_FIX	2026-06-27 17:19:31	README_PHONE_ACCESS_FIX_v3.txt	C:\Users\first\Downloads\OSBB_phone_access_ui_fix_v3.zip	1829	56063fdf0ea3e832d5f85b738c82889bf54efc8183533d0268a1db75b7462b36	G:\Programming\Py\OSBB\Recovered\project_archaeology_2026-07-02_22-59-35\files_by_module\README_PHONE_ACCESS_FIX\README_PHONE_ACCESS_FIX_v3__56063fdf0ea3.txt
README_PHONE_ACCESS_FIX	2026-06-27 16:49:42	README_PHONE_ACCESS_FIX_v2.txt	C:\Users\first\Downloads\OSBB_phone_access_ui_fix_v2.zip	1650	d2903f91fd66fd70da03a39c3fac1aa15a02956996ff691b87c9c0e4c9afa7b2	G:\Programming\Py\OSBB\Recovered\project_archaeology_2026-07-02_22-59-35\files_by_module\README_PHONE_ACCESS_FIX\README_PHONE_ACCESS_FIX_v2__d2903f91fd66.txt
README_PHONE_ACCESS_FIX	2026-06-27 16:43:01	README_PHONE_ACCESS_FIX.txt	C:\Users\first\Downloads\OSBB_phone_access_ui_fix.zip	3140	ccb29bc2e542f8111ce286eec7390d2c2d577f348e2fd27df1090b113ccb5f6e	G:\Programming\Py\OSBB\Recovered\project_archaeology_2026-07-02_22-59-35\files_by_module\README_PHONE_ACCESS_FIX\README_PHONE_ACCESS_FIX__ccb29bc2e542.txt
README_PHONE_BARRIER_ACCESS	2026-06-27 19:30:44	README_PHONE_BARRIER_ACCESS_V2.txt	C:\Users\first\Downloads\OSBB_phone_barrier_access_v2_working_sandbox.zip	7674	4e43764d4444dbb6b368ab06eeecd57b412ec21353e9c1ac3627aa9884b5f163	G:\Programming\Py\OSBB\Recovered\project_archaeology_2026-07-02_22-59-35\files_by_module\README_PHONE_BARRIER_ACCESS\README_PHONE_BARRIER_ACCESS_V2__4e43764d4444.txt
README_PHONE_BARRIER_ACCESS_SCHEMA_MIGRATION	2026-06-27 19:13:15	README_PHONE_BARRIER_ACCESS_SCHEMA_MIGRATION.txt	C:\Users\first\Downloads\OSBB_phone_barrier_access_schema_migration.zip	3594	2a65e739ac000fb19f93ed6a5b3e614ab20e547535368a1358df396a17a158c8	G:\Programming\Py\OSBB\Recovered\project_archaeology_2026-07-02_22-59-35\files_by_module\README_PHONE_BARRIER_ACCESS_SCHEMA_MIGRATION\README_PHONE_BARRIER_ACCESS_SCHEMA_MIGRATION__2a65e739ac00.txt
README_PROFILE_PARKING_TIME_TEST	2026-06-28 12:09:32	README_PROFILE_PARKING_TIME_TEST_V1.txt	C:\Users\first\Downloads\OSBB_profile_parking_time_test_v1_sandbox.zip	4612	4bb8a3b9f38054b1103253bc4bd60dc0dbc909d9ea43043ffa2f55af89e537d3	G:\Programming\Py\OSBB\Recovered\project_archaeology_2026-07-02_22-59-35\files_by_module\README_PROFILE_PARKING_TIME_TEST\README_PROFILE_PARKING_TIME_TEST_V1__4bb8a3b9f380.txt
README_PROFILE_VERIFICATION	2026-06-27 20:48:19	README_PROFILE_VERIFICATION_V1.txt	C:\Users\first\Downloads\OSBB_profile_verification_v1_sandbox_final.zip	4022	a47a609d98c1f4b6e385c0469a529a2d102a8a66acf7961c0db3d4bc8da1be40	G:\Programming\Py\OSBB\Recovered\project_archaeology_2026-07-02_22-59-35\files_by_module\README_PROFILE_VERIFICATION\README_PROFILE_VERIFICATION_V1__a47a609d98c1.txt
README_PROFILE_VERIFICATION_TERMINOLOGY	2026-06-27 21:19:52	README_PROFILE_VERIFICATION_TERMINOLOGY_V2.txt	C:\Users\first\Downloads\OSBB_profile_verification_terminology_v2 (1).zip	5419	6330d6ee7b3c0b57e5243643ab89972b14523d983f0210d148b140df40bc5f3d	G:\Programming\Py\OSBB\Recovered\project_archaeology_2026-07-02_22-59-35\files_by_module\README_PROFILE_VERIFICATION_TERMINOLOGY\README_PROFILE_VERIFICATION_TERMINOLOGY_V2__6330d6ee7b3c.txt
README_PROFILE_VERIFICATION_TERMINOLOGY	2026-06-27 21:14:40	README_PROFILE_VERIFICATION_TERMINOLOGY_V2.txt	C:\Users\first\Downloads\OSBB_profile_verification_terminology_v2.zip	5419	6330d6ee7b3c0b57e5243643ab89972b14523d983f0210d148b140df40bc5f3d	G:\Programming\Py\OSBB\Recovered\project_archaeology_2026-07-02_22-59-35\files_by_module\README_PROFILE_VERIFICATION_TERMINOLOGY\README_PROFILE_VERIFICATION_TERMINOLOGY_V2__6330d6ee7b3c.txt
RETIRE_legacy_new_remote_test_orders_sandbox	2026-06-27 13:27:22	RETIRE_legacy_new_remote_test_orders_sandbox.py	C:\Users\first\Downloads\OSBB_simplified_services_preorders_bundle.zip	4377	3a3bab1d10c1be613419a48a11ac9f9afd2c4b6a8fd8f7e91fc5c1e10c80a58f	G:\Programming\Py\OSBB\Recovered\project_archaeology_2026-07-02_22-59-35\files_by_module\RETIRE_legacy_new_remote_test_orders_sandbox\RETIRE_legacy_new_remote_test_orders_sandbox__3a3bab1d10c1.py
RUN_CHECK_cashier_route_after_phone	2026-06-27 20:00:03	RUN_CHECK_cashier_route_after_phone_v2.bat	C:\Users\first\Downloads\OSBB_cashier_route_repair_after_phone_v2.zip	297	f969577e0fd5ec757036109b7c806add523c26cddeb10c3966c622a0de53ea66	G:\Programming\Py\OSBB\Recovered\project_archaeology_2026-07-02_22-59-35\files_by_module\RUN_CHECK_cashier_route_after_phone\RUN_CHECK_cashier_route_after_phone_v2__f969577e0fd5.bat
RUN_CHECK_phone_barrier_access_operational_sandbox	2026-06-27 19:30:44	RUN_CHECK_phone_barrier_access_operational_sandbox.bat	C:\Users\first\Downloads\OSBB_phone_barrier_access_v2_working_sandbox.zip	294	9b44a74f92130709b6907f76b691aeb38dced64f9f9488338c332a38b9329ce5	G:\Programming\Py\OSBB\Recovered\project_archaeology_2026-07-02_22-59-35\files_by_module\RUN_CHECK_phone_barrier_access_operational_sandbox\RUN_CHECK_phone_barrier_access_operational_sandbox__9b44a74f9213.bat
RUN_CHECK_phone_barrier_access_sandbox_schema	2026-06-27 19:13:15	RUN_CHECK_phone_barrier_access_sandbox_schema.bat	C:\Users\first\Downloads\OSBB_phone_barrier_access_schema_migration.zip	315	a97fd4bbfe96b9b8a8382fbf71ad6046d3c684d50b331a38ac503421cb33c834	G:\Programming\Py\OSBB\Recovered\project_archaeology_2026-07-02_22-59-35\files_by_module\RUN_CHECK_phone_barrier_access_sandbox_schema\RUN_CHECK_phone_barrier_access_sandbox_schema__a97fd4bbfe96.bat
RUN_CHECK_profile_parking_time_test_sandbox	2026-06-28 12:09:32	RUN_CHECK_profile_parking_time_test_sandbox.bat	C:\Users\first\Downloads\OSBB_profile_parking_time_test_v1_sandbox.zip	267	c31ddb4ad5412476b45570a14597181ab9478528bd3c241a51278721d5a50fd1	G:\Programming\Py\OSBB\Recovered\project_archaeology_2026-07-02_22-59-35\files_by_module\RUN_CHECK_profile_parking_time_test_sandbox\RUN_CHECK_profile_parking_time_test_sandbox__c31ddb4ad541.bat
RUN_CHECK_profile_verification_sandbox	2026-06-27 20:48:19	RUN_CHECK_profile_verification_sandbox.bat	C:\Users\first\Downloads\OSBB_profile_verification_v1_sandbox_final.zip	309	2cb134b9103d5e3d301e5034c60e2b6ea43d1b8544ed338abfc4381e1011860b	G:\Programming\Py\OSBB\Recovered\project_archaeology_2026-07-02_22-59-35\files_by_module\RUN_CHECK_profile_verification_sandbox\RUN_CHECK_profile_verification_sandbox__2cb134b9103d.bat
RUN_CHECK_profile_verification_terminology	2026-06-27 21:19:52	RUN_CHECK_profile_verification_terminology_v2.bat	C:\Users\first\Downloads\OSBB_profile_verification_terminology_v2 (1).zip	321	b418d7f618cfc5fea09d9d3d93eea669a255ec80da1cd0eda420b21a30f49bff	G:\Programming\Py\OSBB\Recovered\project_archaeology_2026-07-02_22-59-35\files_by_module\RUN_CHECK_profile_verification_terminology\RUN_CHECK_profile_verification_terminology_v2__b418d7f618cf.bat
RUN_CHECK_profile_verification_terminology	2026-06-27 21:14:40	RUN_CHECK_profile_verification_terminology_v2.bat	C:\Users\first\Downloads\OSBB_profile_verification_terminology_v2.zip	321	b418d7f618cfc5fea09d9d3d93eea669a255ec80da1cd0eda420b21a30f49bff	G:\Programming\Py\OSBB\Recovered\project_archaeology_2026-07-02_22-59-35\files_by_module\RUN_CHECK_profile_verification_terminology\RUN_CHECK_profile_verification_terminology_v2__b418d7f618cf.bat
RUN_INSTALL_cashier_route_after_phone	2026-06-27 20:00:03	RUN_INSTALL_cashier_route_after_phone_v2.bat	C:\Users\first\Downloads\OSBB_cashier_route_repair_after_phone_v2.zip	321	84a2067849fb5a32e7334b5a43c175c8c236a2de82f480ad7effe5d7aa384048	G:\Programming\Py\OSBB\Recovered\project_archaeology_2026-07-02_22-59-35\files_by_module\RUN_INSTALL_cashier_route_after_phone\RUN_INSTALL_cashier_route_after_phone_v2__84a2067849fb.bat
RUN_INSTALL_phone_barrier_access	2026-06-27 19:30:44	RUN_INSTALL_phone_barrier_access_v2.bat	C:\Users\first\Downloads\OSBB_phone_barrier_access_v2_working_sandbox.zip	404	a039f3f3cdadb64c746627947a28e2f74475fbc9e1439685f969f7e0d751d5a6	G:\Programming\Py\OSBB\Recovered\project_archaeology_2026-07-02_22-59-35\files_by_module\RUN_INSTALL_phone_barrier_access\RUN_INSTALL_phone_barrier_access_v2__a039f3f3cdad.bat
RUN_INSTALL_profile_parking_time_test	2026-06-28 12:09:32	RUN_INSTALL_profile_parking_time_test_v1.bat	C:\Users\first\Downloads\OSBB_profile_parking_time_test_v1_sandbox.zip	342	2fd5130004bcb2746d4119cd2a793387c60065a3207308ec14912b2134ae7346	G:\Programming\Py\OSBB\Recovered\project_archaeology_2026-07-02_22-59-35\files_by_module\RUN_INSTALL_profile_parking_time_test\RUN_INSTALL_profile_parking_time_test_v1__2fd5130004bc.bat
RUN_INSTALL_profile_verification	2026-06-27 20:48:19	RUN_INSTALL_profile_verification_v1.bat	C:\Users\first\Downloads\OSBB_profile_verification_v1_sandbox_final.zip	338	576f7f1c4a7a2c7deceba93bd11f9f57032c2f5d9f5b960c9a4e81e025800671	G:\Programming\Py\OSBB\Recovered\project_archaeology_2026-07-02_22-59-35\files_by_module\RUN_INSTALL_profile_verification\RUN_INSTALL_profile_verification_v1__576f7f1c4a7a.bat
RUN_INSTALL_profile_verification_terminology	2026-06-27 21:19:52	RUN_INSTALL_profile_verification_terminology_v2.bat	C:\Users\first\Downloads\OSBB_profile_verification_terminology_v2 (1).zip	327	2096a45300d3bae992767d17fc792d271d2245ddafad04ebf30be9069ef4c74a	G:\Programming\Py\OSBB\Recovered\project_archaeology_2026-07-02_22-59-35\files_by_module\RUN_INSTALL_profile_verification_terminology\RUN_INSTALL_profile_verification_terminology_v2__2096a45300d3.bat
RUN_INSTALL_profile_verification_terminology	2026-06-27 21:14:40	RUN_INSTALL_profile_verification_terminology_v2.bat	C:\Users\first\Downloads\OSBB_profile_verification_terminology_v2.zip	327	2096a45300d3bae992767d17fc792d271d2245ddafad04ebf30be9069ef4c74a	G:\Programming\Py\OSBB\Recovered\project_archaeology_2026-07-02_22-59-35\files_by_module\RUN_INSTALL_profile_verification_terminology\RUN_INSTALL_profile_verification_terminology_v2__2096a45300d3.bat
RUN_MIGRATE_phone_barrier_access_operational_sandbox	2026-06-27 19:30:44	RUN_MIGRATE_phone_barrier_access_operational_sandbox.bat	C:\Users\first\Downloads\OSBB_phone_barrier_access_v2_working_sandbox.zip	353	2d3f6f793934d8ce6877029ccc0f83a15935d49b6e48d6a44e507123fd8ab5d6	G:\Programming\Py\OSBB\Recovered\project_archaeology_2026-07-02_22-59-35\files_by_module\RUN_MIGRATE_phone_barrier_access_operational_sandbox\RUN_MIGRATE_phone_barrier_access_operational_sandbox__2d3f6f793934.bat
RUN_MIGRATE_phone_barrier_access_sandbox	2026-06-27 19:13:15	RUN_MIGRATE_phone_barrier_access_sandbox.bat	C:\Users\first\Downloads\OSBB_phone_barrier_access_schema_migration.zip	411	df227402f8eb11431fce289500a24415066e4c70aab6ef64b8eb549e9f442315	G:\Programming\Py\OSBB\Recovered\project_archaeology_2026-07-02_22-59-35\files_by_module\RUN_MIGRATE_phone_barrier_access_sandbox\RUN_MIGRATE_phone_barrier_access_sandbox__df227402f8eb.bat
RUN_MIGRATE_profile_parking_time_test_sandbox	2026-06-28 12:09:32	RUN_MIGRATE_profile_parking_time_test_sandbox.bat	C:\Users\first\Downloads\OSBB_profile_parking_time_test_v1_sandbox.zip	321	bd4f5fbc9d3f98964000b22b449ac06d766b8f16a1c3d98b2bef23d0aa221878	G:\Programming\Py\OSBB\Recovered\project_archaeology_2026-07-02_22-59-35\files_by_module\RUN_MIGRATE_profile_parking_time_test_sandbox\RUN_MIGRATE_profile_parking_time_test_sandbox__bd4f5fbc9d3f.bat
RUN_MIGRATE_profile_verification_sandbox	2026-06-27 20:48:19	RUN_MIGRATE_profile_verification_sandbox.bat	C:\Users\first\Downloads\OSBB_profile_verification_v1_sandbox_final.zip	348	a39817ad0ec1a13f79ac018d11fa7ce856ff09a04f74bb2e2f22ac6b9f9a95b3	G:\Programming\Py\OSBB\Recovered\project_archaeology_2026-07-02_22-59-35\files_by_module\RUN_MIGRATE_profile_verification_sandbox\RUN_MIGRATE_profile_verification_sandbox__a39817ad0ec1.bat
RUN_MIGRATE_simplified_services_sandbox	2026-06-27 13:27:22	RUN_MIGRATE_simplified_services_sandbox.bat	C:\Users\first\Downloads\OSBB_simplified_services_preorders_bundle.zip	803	4cb3f9a902de15735f4480be7630a5afd3f2ee48970ddc005dbee45c465c2683	G:\Programming\Py\OSBB\Recovered\project_archaeology_2026-07-02_22-59-35\files_by_module\RUN_MIGRATE_simplified_services_sandbox\RUN_MIGRATE_simplified_services_sandbox__4cb3f9a902de.bat
RUN_RETIRE_legacy_new_remote_test_orders_sandbox	2026-06-27 13:27:22	RUN_RETIRE_legacy_new_remote_test_orders_sandbox.bat	C:\Users\first\Downloads\OSBB_simplified_services_preorders_bundle.zip	469	55c44a814cc29340ed8026e1bce4b78c8d56a84f0a4425f592e8350694b6054a	G:\Programming\Py\OSBB\Recovered\project_archaeology_2026-07-02_22-59-35\files_by_module\RUN_RETIRE_legacy_new_remote_test_orders_sandbox\RUN_RETIRE_legacy_new_remote_test_orders_sandbox__55c44a814cc2.bat
STOP_old_guard_sandbox_bots	2026-06-27 12:14:48	STOP_old_guard_sandbox_bots.bat	C:\Users\first\Downloads\OSBB_live_services_sandbox_bundle.zip	727	f3c5d6fed75485372a5541e05af24cf515d0e980a01299837826dc2fc0ea958f	G:\Programming\Py\OSBB\Recovered\project_archaeology_2026-07-02_22-59-35\files_by_module\STOP_old_guard_sandbox_bots\STOP_old_guard_sandbox_bots__f3c5d6fed754.bat
Start_OSBB_Live_Services_Sandbox_Bot	2026-06-27 12:14:48	Start_OSBB_Live_Services_Sandbox_Bot_v1.bat	C:\Users\first\Downloads\OSBB_live_services_sandbox_bundle.zip	981	9d4301b438efad603d83540336c575161c4cb7b524a6d97d35bb6ac9c8af2246	G:\Programming\Py\OSBB\Recovered\project_archaeology_2026-07-02_22-59-35\files_by_module\Start_OSBB_Live_Services_Sandbox_Bot\Start_OSBB_Live_Services_Sandbox_Bot_v1__9d4301b438ef.bat
client_portal	2026-06-26 20:40:33	client_portal_v3.py	C:\Users\first\Downloads\OSBB_Live_Service_UI_v1.zip	2859	eebdc5458dfec9385a41c187c95895fb5930e65579d15327f8bcb762d50c820e	G:\Programming\Py\OSBB\Recovered\project_archaeology_2026-07-02_22-59-35\files_by_module\client_portal\client_portal_v3__eebdc5458dfe.py
install_service_orders_ui	2026-06-26 20:40:33	install_service_orders_ui.py	C:\Users\first\Downloads\OSBB_Live_Service_UI_v1.zip	13153	84a6bab32e358db64037f09c0990a17743b099d75e93266a4bcff112efc31228	G:\Programming\Py\OSBB\Recovered\project_archaeology_2026-07-02_22-59-35\files_by_module\install_service_orders_ui\install_service_orders_ui__84a6bab32e35.py
migrate_service_orders_and_fulfillment	2026-06-26 19:38:38	migrate_service_orders_and_fulfillment.py	C:\Users\first\Downloads\OSBB_Service_Orders_Foundation_v1.zip	30195	33ef6dda81b916fa75458bd80ca9fc061fb86ebd319eaa021402beacf18c6706	G:\Programming\Py\OSBB\Recovered\project_archaeology_2026-07-02_22-59-35\files_by_module\migrate_service_orders_and_fulfillment\migrate_service_orders_and_fulfillment__33ef6dda81b9.py
patch_parking_bot_service_orders	2026-06-27 12:14:48	patch_parking_bot_service_orders_v1.py	C:\Users\first\Downloads\OSBB_live_services_sandbox_bundle.zip	3161	07e623d303108e5d279ceb9b78683ffeb3ccfd0887488eee3bf209e2e51f6764	G:\Programming\Py\OSBB\Recovered\project_archaeology_2026-07-02_22-59-35\files_by_module\patch_parking_bot_service_orders\patch_parking_bot_service_orders_v1__07e623d30310.py
patch_parking_bot_service_orders_ui	2026-06-26 20:40:33	patch_parking_bot_service_orders_ui_v1.py	C:\Users\first\Downloads\OSBB_Live_Service_UI_v1.zip	11423	b14c6b81aa986a999d31694a68396a96588d32bd08b07e3b1fbe331c691078d8	G:\Programming\Py\OSBB\Recovered\project_archaeology_2026-07-02_22-59-35\files_by_module\patch_parking_bot_service_orders_ui\patch_parking_bot_service_orders_ui_v1__b14c6b81aa98.py
phone_barrier_access_core	2026-06-27 19:30:44	phone_barrier_access_core.py	C:\Users\first\Downloads\OSBB_phone_barrier_access_v2_working_sandbox.zip	73351	d224426a533a3058d13949cca01f5917da4a5a5434ad51ff27fbf467896d0e1a	G:\Programming\Py\OSBB\Recovered\project_archaeology_2026-07-02_22-59-35\files_by_module\phone_barrier_access_core\phone_barrier_access_core__d224426a533a.py
phone_barrier_access_core	2026-06-27 19:13:15	phone_barrier_access_core.py	C:\Users\first\Downloads\OSBB_phone_barrier_access_schema_migration.zip	32484	15aedf50580874cc97ad4b53afaea179559821907d1b7ff743d03406556edb53	G:\Programming\Py\OSBB\Recovered\project_archaeology_2026-07-02_22-59-35\files_by_module\phone_barrier_access_core\phone_barrier_access_core__15aedf505808.py
phone_barrier_access_service	2026-06-27 19:30:44	phone_barrier_access_service.py	C:\Users\first\Downloads\OSBB_phone_barrier_access_v2_working_sandbox.zip	6503	de46014418bff9d05a7bbc2225d21d37f01c96a290766949c50178d6699b2cb7	G:\Programming\Py\OSBB\Recovered\project_archaeology_2026-07-02_22-59-35\files_by_module\phone_barrier_access_service\phone_barrier_access_service__de46014418bf.py
profile_parking_time_test_core	2026-06-28 12:09:32	profile_parking_time_test_core.py	C:\Users\first\Downloads\OSBB_profile_parking_time_test_v1_sandbox.zip	25134	45ab47b5a24a27ce7774cde74575aaff9003565a13f531165383c518a5a9a45c	G:\Programming\Py\OSBB\Recovered\project_archaeology_2026-07-02_22-59-35\files_by_module\profile_parking_time_test_core\profile_parking_time_test_core__45ab47b5a24a.py
profile_parking_time_test_workspace	2026-06-28 12:09:32	profile_parking_time_test_workspace.py	C:\Users\first\Downloads\OSBB_profile_parking_time_test_v1_sandbox.zip	12491	6b291a186d0367b5df83420165dfa1e6ef131daf6cd1fee601308274e2b9e00f	G:\Programming\Py\OSBB\Recovered\project_archaeology_2026-07-02_22-59-35\files_by_module\profile_parking_time_test_workspace\profile_parking_time_test_workspace__6b291a186d03.py
profile_verification_core	2026-06-27 21:19:52	profile_verification_core.py	C:\Users\first\Downloads\OSBB_profile_verification_terminology_v2 (1).zip	49558	d06fa33f0c959d1b0b24a9bcf203044cae84b44216d2e87796e8885e85b726f5	G:\Programming\Py\OSBB\Recovered\project_archaeology_2026-07-02_22-59-35\files_by_module\profile_verification_core\profile_verification_core__d06fa33f0c95.py
profile_verification_core	2026-06-27 21:14:40	profile_verification_core.py	C:\Users\first\Downloads\OSBB_profile_verification_terminology_v2.zip	49558	d06fa33f0c959d1b0b24a9bcf203044cae84b44216d2e87796e8885e85b726f5	G:\Programming\Py\OSBB\Recovered\project_archaeology_2026-07-02_22-59-35\files_by_module\profile_verification_core\profile_verification_core__d06fa33f0c95.py
profile_verification_core	2026-06-27 20:48:19	profile_verification_core.py	C:\Users\first\Downloads\OSBB_profile_verification_v1_sandbox_final.zip	48300	68b9c00f27e85f6e7de02a38f34b6647513fa819fd07b436da7c5f6716279a37	G:\Programming\Py\OSBB\Recovered\project_archaeology_2026-07-02_22-59-35\files_by_module\profile_verification_core\profile_verification_core__68b9c00f27e8.py
profile_verification_workspace	2026-06-27 21:54:19	profile_verification_workspace.py	C:\Users\first\Downloads\OSBB_profile_confirmation_ready_visibility_fix.zip	30339	131afe386eac83ed511db8652b6a9da4fa98ba13a35af31d4c3fda3cacc2fd1d	G:\Programming\Py\OSBB\Recovered\project_archaeology_2026-07-02_22-59-35\files_by_module\profile_verification_workspace\profile_verification_workspace__131afe386eac.py
profile_verification_workspace	2026-06-27 21:45:41	profile_verification_workspace.py	C:\Users\first\Downloads\OSBB_profile_critical_codes_fix (1).zip	30085	da5c31503fef4ac3f6bafb663c985d1bcb66c28fe0a24d11968c0fb659a23f29	G:\Programming\Py\OSBB\Recovered\project_archaeology_2026-07-02_22-59-35\files_by_module\profile_verification_workspace\profile_verification_workspace__da5c31503fef.py
profile_verification_workspace	2026-06-27 21:41:13	profile_verification_workspace.py	C:\Users\first\Downloads\OSBB_profile_critical_codes_fix.zip	30085	da5c31503fef4ac3f6bafb663c985d1bcb66c28fe0a24d11968c0fb659a23f29	G:\Programming\Py\OSBB\Recovered\project_archaeology_2026-07-02_22-59-35\files_by_module\profile_verification_workspace\profile_verification_workspace__da5c31503fef.py
profile_verification_workspace	2026-06-27 21:19:52	profile_verification_workspace.py	C:\Users\first\Downloads\OSBB_profile_verification_terminology_v2 (1).zip	29933	1d8880a955107f5426546351d8f1d01e58fb5f11922d250caa19a1168beb4d16	G:\Programming\Py\OSBB\Recovered\project_archaeology_2026-07-02_22-59-35\files_by_module\profile_verification_workspace\profile_verification_workspace__1d8880a95510.py
profile_verification_workspace	2026-06-27 21:14:40	profile_verification_workspace.py	C:\Users\first\Downloads\OSBB_profile_verification_terminology_v2.zip	29933	1d8880a955107f5426546351d8f1d01e58fb5f11922d250caa19a1168beb4d16	G:\Programming\Py\OSBB\Recovered\project_archaeology_2026-07-02_22-59-35\files_by_module\profile_verification_workspace\profile_verification_workspace__1d8880a95510.py
profile_verification_workspace	2026-06-27 20:48:19	profile_verification_workspace.py	C:\Users\first\Downloads\OSBB_profile_verification_v1_sandbox_final.zip	27756	82a3853cce89b01ac4f4f01cd7ded8084efd478bfa26d6d38b9f2b757cbba7b8	G:\Programming\Py\OSBB\Recovered\project_archaeology_2026-07-02_22-59-35\files_by_module\profile_verification_workspace\profile_verification_workspace__82a3853cce89.py
run_bot_live_service_sandbox	2026-06-26 20:40:33	run_bot_live_service_sandbox_v4.py	C:\Users\first\Downloads\OSBB_Live_Service_UI_v1.zip	8293	49721c32f14fa1e8931cc7f8582e426e156fce540768c669fac16df639461f74	G:\Programming\Py\OSBB\Recovered\project_archaeology_2026-07-02_22-59-35\files_by_module\run_bot_live_service_sandbox\run_bot_live_service_sandbox_v4__49721c32f14f.py
run_bot_live_services_sandbox	2026-06-28 12:09:32	run_bot_live_services_sandbox_v1.py	C:\Users\first\Downloads\OSBB_profile_parking_time_test_v1_sandbox.zip	33905	51e635b6958cb0a62a955f4e249abdf81261c6786fc9737eba9f99fb841bc1e5	G:\Programming\Py\OSBB\Recovered\project_archaeology_2026-07-02_22-59-35\files_by_module\run_bot_live_services_sandbox\run_bot_live_services_sandbox_v1__51e635b6958c.py
run_bot_live_services_sandbox	2026-06-27 21:31:44	run_bot_live_services_sandbox_v1.py	C:\Users\first\Downloads\OSBB_profile_button_early_route_fix_v2.zip	31628	c79dc72c59c726544ae47a0e0a3ac482e7ce9bc8f8c907502d13569f499cbf33	G:\Programming\Py\OSBB\Recovered\project_archaeology_2026-07-02_22-59-35\files_by_module\run_bot_live_services_sandbox\run_bot_live_services_sandbox_v1__c79dc72c59c7.py
run_bot_live_services_sandbox	2026-06-27 20:48:19	run_bot_live_services_sandbox_v1.py	C:\Users\first\Downloads\OSBB_profile_verification_v1_sandbox_final.zip	30322	f7e5d56ecb6836116b8bad9e94bdb7f21ea2b4254a09a434e3bd4789fd224b01	G:\Programming\Py\OSBB\Recovered\project_archaeology_2026-07-02_22-59-35\files_by_module\run_bot_live_services_sandbox\run_bot_live_services_sandbox_v1__f7e5d56ecb68.py
run_bot_live_services_sandbox	2026-06-27 20:00:03	run_bot_live_services_sandbox_v1.py	C:\Users\first\Downloads\OSBB_cashier_route_repair_after_phone_v2.zip	25095	2c2db2c9c86600cc2dd957792a77fc17d32a9b9938c3bc68bcc5752342928e40	G:\Programming\Py\OSBB\Recovered\project_archaeology_2026-07-02_22-59-35\files_by_module\run_bot_live_services_sandbox\run_bot_live_services_sandbox_v1__2c2db2c9c866.py
run_bot_live_services_sandbox	2026-06-27 17:33:08	run_bot_live_services_sandbox_v1.py	C:\Users\first\Downloads\OSBB_cashier_route_fix.zip	24930	def3aac9ee8e3473173834477e22287c86dd8e6d9a3f504aadf99a1c25ec9ed5	G:\Programming\Py\OSBB\Recovered\project_archaeology_2026-07-02_22-59-35\files_by_module\run_bot_live_services_sandbox\run_bot_live_services_sandbox_v1__def3aac9ee8e.py
run_bot_live_services_sandbox	2026-06-27 12:14:48	run_bot_live_services_sandbox_v1.py	C:\Users\first\Downloads\OSBB_live_services_sandbox_bundle.zip	20258	1fb99c606cdb206a0fae390aa882d274ccd971fce7066b855aca272afabbfe27	G:\Programming\Py\OSBB\Recovered\project_archaeology_2026-07-02_22-59-35\files_by_module\run_bot_live_services_sandbox\run_bot_live_services_sandbox_v1__1fb99c606cdb.py
service_orders_core	2026-06-27 20:17:47	service_orders_core.py	C:\Users\first\Downloads\OSBB_service_code_compatibility_repair_phone_v2.zip	44925	7c2d3ac6f66fd32c3b20b943f6e594dd00f7cde90bd434b9a4bc428809bdd61a	G:\Programming\Py\OSBB\Recovered\project_archaeology_2026-07-02_22-59-35\files_by_module\service_orders_core\service_orders_core__7c2d3ac6f66f.py
service_orders_core	2026-06-27 19:30:44	service_orders_core.py	C:\Users\first\Downloads\OSBB_phone_barrier_access_v2_working_sandbox.zip	42469	534d0d3809d37bf54397a9dca32145118b88c84739d21ab46729e0cb681bc3ac	G:\Programming\Py\OSBB\Recovered\project_archaeology_2026-07-02_22-59-35\files_by_module\service_orders_core\service_orders_core__534d0d3809d3.py
service_orders_core	2026-06-27 13:27:22	service_orders_core.py	C:\Users\first\Downloads\OSBB_simplified_services_preorders_bundle.zip	43466	40d5a376767b55c5ed33fc169f10113ea01410177cf52e8f17955ec4754ee4e4	G:\Programming\Py\OSBB\Recovered\project_archaeology_2026-07-02_22-59-35\files_by_module\service_orders_core\service_orders_core__40d5a376767b.py
service_orders_core	2026-06-26 19:38:38	service_orders_core.py	C:\Users\first\Downloads\OSBB_Service_Orders_Foundation_v1.zip	33797	d425682f5c619e4cdb50f7ed7ceefa12f62f5b9c78a0d6ccc35787edfb489a3c	G:\Programming\Py\OSBB\Recovered\project_archaeology_2026-07-02_22-59-35\files_by_module\service_orders_core\service_orders_core__d425682f5c61.py
service_orders_preflight	2026-06-26 19:38:38	service_orders_preflight.py	C:\Users\first\Downloads\OSBB_Service_Orders_Foundation_v1.zip	17539	311f47ab9d650941c20b5262cf59fc19184a598b2f0d9cb63bef1b1771a8a202	G:\Programming\Py\OSBB\Recovered\project_archaeology_2026-07-02_22-59-35\files_by_module\service_orders_preflight\service_orders_preflight__311f47ab9d65.py
service_orders_workspace	2026-06-27 21:19:52	service_orders_workspace.py	C:\Users\first\Downloads\OSBB_profile_verification_terminology_v2 (1).zip	80889	9dda2d6de0d34e5ff37691784815cfe563ca34e6f29e1e4ba32917f31868be68	G:\Programming\Py\OSBB\Recovered\project_archaeology_2026-07-02_22-59-35\files_by_module\service_orders_workspace\service_orders_workspace__9dda2d6de0d3.py
service_orders_workspace	2026-06-27 21:14:40	service_orders_workspace.py	C:\Users\first\Downloads\OSBB_profile_verification_terminology_v2.zip	80889	9dda2d6de0d34e5ff37691784815cfe563ca34e6f29e1e4ba32917f31868be68	G:\Programming\Py\OSBB\Recovered\project_archaeology_2026-07-02_22-59-35\files_by_module\service_orders_workspace\service_orders_workspace__9dda2d6de0d3.py
service_orders_workspace	2026-06-27 20:48:19	service_orders_workspace.py	C:\Users\first\Downloads\OSBB_profile_verification_v1_sandbox_final.zip	80603	ee7c1929c0f2b14bcfdc1d0ad7e250870d51b1db14c50fc81eb7364f3e40103d	G:\Programming\Py\OSBB\Recovered\project_archaeology_2026-07-02_22-59-35\files_by_module\service_orders_workspace\service_orders_workspace__ee7c1929c0f2.py
service_orders_workspace	2026-06-27 20:17:47	service_orders_workspace.py	C:\Users\first\Downloads\OSBB_service_code_compatibility_repair_phone_v2.zip	75679	4a6c6966ebd87db5b791f9a7e649fab59561514cd7424a70834ebc8c5b3d1202	G:\Programming\Py\OSBB\Recovered\project_archaeology_2026-07-02_22-59-35\files_by_module\service_orders_workspace\service_orders_workspace__4a6c6966ebd8.py
service_orders_workspace	2026-06-27 19:30:44	service_orders_workspace.py	C:\Users\first\Downloads\OSBB_phone_barrier_access_v2_working_sandbox.zip	74980	f28aa0d210f739c29815c3a913e4f14384367b06a67b83bcff7c9e7fcd4ed054	G:\Programming\Py\OSBB\Recovered\project_archaeology_2026-07-02_22-59-35\files_by_module\service_orders_workspace\service_orders_workspace__f28aa0d210f7.py
service_orders_workspace	2026-06-27 17:19:31	service_orders_workspace.py	C:\Users\first\Downloads\OSBB_phone_access_ui_fix_v3.zip	64990	4ffcfcc692e50bb55b86034d61d6a796dd195d2717508af8ec57b9719e81ccdc	G:\Programming\Py\OSBB\Recovered\project_archaeology_2026-07-02_22-59-35\files_by_module\service_orders_workspace\service_orders_workspace__4ffcfcc692e5.py
service_orders_workspace	2026-06-27 16:49:42	service_orders_workspace.py	C:\Users\first\Downloads\OSBB_phone_access_ui_fix_v2.zip	62448	45de989af825712c2bec5aab0b7e0c9c7b3c7becaae62bbe00d90f67426021f3	G:\Programming\Py\OSBB\Recovered\project_archaeology_2026-07-02_22-59-35\files_by_module\service_orders_workspace\service_orders_workspace__45de989af825.py
service_orders_workspace	2026-06-27 16:43:01	service_orders_workspace.py	C:\Users\first\Downloads\OSBB_phone_access_ui_fix.zip	62448	45de989af825712c2bec5aab0b7e0c9c7b3c7becaae62bbe00d90f67426021f3	G:\Programming\Py\OSBB\Recovered\project_archaeology_2026-07-02_22-59-35\files_by_module\service_orders_workspace\service_orders_workspace__45de989af825.py
service_orders_workspace	2026-06-27 13:27:22	service_orders_workspace.py	C:\Users\first\Downloads\OSBB_simplified_services_preorders_bundle.zip	53572	3f1176517adfc3f62bf5557e2a756a5e760c8004677a8aad05b617657cd4aadc	G:\Programming\Py\OSBB\Recovered\project_archaeology_2026-07-02_22-59-35\files_by_module\service_orders_workspace\service_orders_workspace__3f1176517adf.py
service_orders_workspace	2026-06-27 12:14:48	service_orders_workspace.py	C:\Users\first\Downloads\OSBB_live_services_sandbox_bundle.zip	61611	25edbb76c1726c686e1491a64b0094a142f667740ae40c78e6c90d66b5ca3e62	G:\Programming\Py\OSBB\Recovered\project_archaeology_2026-07-02_22-59-35\files_by_module\service_orders_workspace\service_orders_workspace__25edbb76c172.py
service_orders_workspace	2026-06-26 20:40:33	service_orders_workspace.py	C:\Users\first\Downloads\OSBB_Live_Service_UI_v1.zip	59547	80a49da46892697c6440a77121a43a51ec733e868576c3acfdf695527e3432b0	G:\Programming\Py\OSBB\Recovered\project_archaeology_2026-07-02_22-59-35\files_by_module\service_orders_workspace\service_orders_workspace__80a49da46892.py
service_preorders_core	2026-06-27 20:17:47	service_preorders_core.py	C:\Users\first\Downloads\OSBB_service_code_compatibility_repair_phone_v2.zip	44217	a67ea947627b63c6b93311ba57692b222d2f3932c6ab3153a3b54d688517bfa2	G:\Programming\Py\OSBB\Recovered\project_archaeology_2026-07-02_22-59-35\files_by_module\service_preorders_core\service_preorders_core__a67ea947627b.py
service_preorders_core	2026-06-27 19:30:44	service_preorders_core.py	C:\Users\first\Downloads\OSBB_phone_barrier_access_v2_working_sandbox.zip	44033	687137f41aa7f13f57b5dc8bf277146afc4fffa75cae9203af9f1677d84379f2	G:\Programming\Py\OSBB\Recovered\project_archaeology_2026-07-02_22-59-35\files_by_module\service_preorders_core\service_preorders_core__687137f41aa7.py
service_preorders_core	2026-06-27 13:27:22	service_preorders_core.py	C:\Users\first\Downloads\OSBB_simplified_services_preorders_bundle.zip	41231	85eb66d9c36fc5a1ffbfc033256260c98bd1083a5fda068805f89300ce091656	G:\Programming\Py\OSBB\Recovered\project_archaeology_2026-07-02_22-59-35\files_by_module\service_preorders_core\service_preorders_core__85eb66d9c36f.py